﻿<Games>
	<Version>1.35</Version>
	<Game>
		<GameIndex>0</GameIndex>
		<Name>Wolfenstein - Enemy Territory</Name>
		<ShortName>W:ET</ShortName>
		<Filename>et.servers</Filename>
		<WebProtocol>et</WebProtocol>
		<NetEngine>Q3</NetEngine>
		<ServerDefaultPort>27960</ServerDefaultPort>
		<ServerInfoQuery>\xFF\xFF\xFF\xFFgetstatus\n</ServerInfoQuery>
		<MasterQueryString>\xFF\xFF\xFF\xFFgetservers %PROTOCOL% empty full</MasterQueryString>
		<MapPreviewPath>etmaps</MapPreviewPath>
		<Icon>et.ico</Icon>
		<MasterServers>
			<MasterServer http="0" protocol="84">etmaster.idsoftware.com</MasterServer>
			<MasterServer http="0" protocol="84">master.idsoftware.com</MasterServer>
			<MasterServer http="0" protocol="84">master3.idsoftware.com</MasterServer>
			<MasterServer http="0" protocol="84">wolfmaster.idsoftware.com</MasterServer>
			<MasterServer http="0" protocol="84">master.etlegacy.com</MasterServer>
			<MasterServer http="0" protocol="84">master0.etmaster.net</MasterServer>			
		</MasterServers>
		<Detection>
			<Registry>
				<RegRoot>HKEY_LOCAL_MACHINE</RegRoot>
				<RegKey>SOFTWARE\Activision\Wolfenstein - Enemy Territory</RegKey>
				<RegItem>InstallPath</RegItem>
				<InstallSuffix>\et.exe</InstallSuffix>
			</Registry>
			<FileSearch>
				<FileName></FileName>
				<FilePath>
				</FilePath>
			</FileSearch>
		</Detection>
		<Columns>
			<Column idx="0">sv_punkbuster</Column>
			<Column idx="1">g_needpass</Column>
			<Column idx="2">ranked</Column>
			<Column idx="3">sv_hostname</Column>
			<Column idx="4">version</Column>
			<Column idx="5">g_gametype</Column>	
			<Column idx="6">mapname</Column>
			<Column idx="7">gamename</Column>
			<Column idx="8">bots</Column>			
		</Columns>
	</Game>
	<Game>
		<GameIndex>1</GameIndex>
		<Name>ET Quake Wars</Name>
		<ShortName>ETQW</ShortName>
		<Filename>etqw.servers</Filename>
		<WebProtocol>etqw</WebProtocol>
		<NetEngine>Q4</NetEngine>
		<Icon>etqw.ico</Icon>
		<ServerDefaultPort>27960</ServerDefaultPort>
		<ServerInfoQuery>\xFF\xFF\xFF\xFFgetstatus\n</ServerInfoQuery>
		<MasterQueryString></MasterQueryString>
		<MapPreviewPath>etqwmaps</MapPreviewPath>
		<MasterServers>
			<MasterServer http="1" >http://etqw-ipgetter.demonware.net/ipgetter/</MasterServer>			
		</MasterServers>
		<Detection>
			<Registry>
				<RegRoot>HKEY_LOCAL_MACHINE</RegRoot>
				<RegKey>SOFTWARE\Id\ET - QUAKE Wars</RegKey>
				<RegItem>EXEString</RegItem>
				<InstallSuffix></InstallSuffix>
			</Registry>
		</Detection>
		<Columns>
			<Column idx="0">net_serverPunkbusterEnabled</Column>
			<Column idx="1">si_needPass</Column>
			<Column idx="2">ranked</Column>
			<Column idx="3">si_name</Column>
			<Column idx="4">si_version</Column>
			<Column idx="5">si_rules</Column>	
			<Column idx="6">si_map</Column>
			<Column idx="7">gamename</Column>
			<Column idx="8">bots</Column>			
		</Columns>		
		<Installs>
				<Install name="Name" value="Default" />
				<Install name="Cmd" value="+seta com_usefastvidrestart 1 +seta com_allowconsole 1" />
				<Install name="LaunchByMod" value="" />
				<Install name="LaunchByVer" value="" />
		</Installs>	 
	</Game>	
	<Game>
		<GameIndex>12</GameIndex>
		<Name>Quake World</Name>
		<ShortName>Quake World</ShortName>
		<Filename>qw.servers</Filename>
		<NetEngine>Q3</NetEngine>
		<WebProtocol>qw</WebProtocol>
		<MapPreviewPath>qwmaps</MapPreviewPath>
		<ColorEncoding>QW</ColorEncoding>
		<Icon>qw.ico</Icon>
		<MasterServers>
			<MasterServer http="1">http://www.quakeservers.net/lists/servers/global.txt</MasterServer>
		</MasterServers>
		<ServerDefaultPort>28960</ServerDefaultPort>
		<ServerInfoQuery>\xFF\xFF\xFF\xFFstatus 15\n</ServerInfoQuery>
		<MasterQueryString></MasterQueryString>
		<Detection>
			<Registry>
				<RegRoot></RegRoot>
				<RegKey></RegKey>
				<RegItem></RegItem>
				<InstallSuffix></InstallSuffix>
			</Registry>
		</Detection>
		<Columns>
			<Column idx="0">sv_punkbuster</Column>
			<Column idx="1">sv_needpass</Column>
			<Column idx="2">ranked</Column>
			<Column idx="3">hostname</Column>
			<Column idx="4">*version</Column>
			<Column idx="5">gametype</Column>	
			<Column idx="6">map</Column>
			<Column idx="7">*gamedir</Column>
			<Column idx="8">bots</Column>			
		</Columns>			
		<Installs>
				<Install name="Name" value="Default" />
				<Install name="Path" value="" />
				<Install name="Cmd" value="" />
				<Install name="LaunchByMod" value="" />
				<Install name="LaunchByVer" value="" />
		</Installs>	
	</Game>		
	<Game>
		<GameIndex>13</GameIndex>
		<Name>Quake 2</Name>
		<ShortName>Quake 2</ShortName>
		<Filename>q2.servers</Filename>
		<NetEngine>Q3</NetEngine>
		<WebProtocol>q2</WebProtocol>
		<MapPreviewPath>quake2maps</MapPreviewPath>
		<Icon>q2.ico</Icon>
		<MasterServers>			
			<MasterServer http="1" protocol="34" >http://q2servers.com/?raw=1</MasterServer>
			<!--<MasterServer http="0" protocol="34" >masterserver.exhale.de:27900</MasterServer>
			<MasterServer http="0" protocol="34">netdome.biz:27900</MasterServer>
			<MasterServer http="0" protocol="34">master.planetgloom.com:27900</MasterServer>-->
		</MasterServers>
		<ServerDefaultPort>28960</ServerDefaultPort>
		<ServerInfoQuery>\xFF\xFF\xFF\xFFstatus\n</ServerInfoQuery>
		<MasterQueryString>query\x0A\x00</MasterQueryString>
		<Detection>
			<Registry>
				<RegRoot></RegRoot>
				<RegKey></RegKey>
				<RegItem></RegItem>
				<InstallSuffix></InstallSuffix>
			</Registry>
		</Detection>
		<Columns>
			<Column idx="0">sv_punkbuster</Column>
			<Column idx="1">sv_needpass</Column>
			<Column idx="2">ranked</Column>
			<Column idx="3">hostname</Column>
			<Column idx="4">version</Column>
			<Column idx="5">game</Column>	
			<Column idx="6">mapname</Column>
			<Column idx="7">gamename</Column>
			<Column idx="8">bots</Column>			
		</Columns>			
		<Installs>
				<Install name="Name" value="Default" />
				<Install name="Path" value="" />
				<Install name="Cmd" value="" />
				<Install name="LaunchByMod" value="" />
				<Install name="LaunchByVer" value="" />
		</Installs>	
	</Game>		
	<Game>
		<GameIndex>14</GameIndex>
		<Name>Open Arena</Name>
		<ShortName>Open Arena</ShortName>
		<Filename>openarena.servers</Filename>
		<NetEngine>Q3</NetEngine>
		<ColorEncoding>Q3</ColorEncoding>
		<WebProtocol>openarena</WebProtocol>
		<MapPreviewPath>openarenawmaps</MapPreviewPath>
		<Icon>openarena.ico</Icon>
		<MasterServers>
			<MasterServer http="0" protocol="68" >dpmaster.deathmask.net:27950</MasterServer>
			<MasterServer http="0" protocol="71" >dpmaster.deathmask.net:27950</MasterServer>
		</MasterServers>
		<ServerDefaultPort>28960</ServerDefaultPort>
		<ServerInfoQuery>\xFF\xFF\xFF\xFFgetstatus 123456789012</ServerInfoQuery>
		<MasterQueryString>\xFF\xFF\xFF\xFFgetservers %PROTOCOL% openarena empty full</MasterQueryString>
		<Detection>
			<Registry>
				<RegRoot></RegRoot>
				<RegKey></RegKey>
				<RegItem></RegItem>
				<InstallSuffix></InstallSuffix>
			</Registry>
		</Detection>
		<Columns>
			<Column idx="0">sv_punkbuster</Column>
			<Column idx="1">sv_needpass</Column>
			<Column idx="2">ranked</Column>
			<Column idx="3">sv_hostname</Column>
			<Column idx="4">version</Column>
			<Column idx="5">g_gametype</Column>	
			<Column idx="6">mapname</Column>
			<Column idx="7">gamename</Column>
			<Column idx="8">bots</Column>			
		</Columns>			
		<Installs>
				<Install name="Name" value="Default" />
				<Install name="Path" value="" />
				<Install name="Cmd" value="" />
				<Install name="LaunchByMod" value="" />
				<Install name="LaunchByVer" value="" />
		</Installs>	
	</Game>		
	<Game>
		<GameIndex>2</GameIndex>
		<Name>Quake 3: Arena</Name>
		<ShortName>Q3</ShortName>
		<Filename>q3.servers</Filename>
		<NetEngine>Q3</NetEngine>
		<WebProtocol>q3</WebProtocol>
		<MapPreviewPath>q3maps</MapPreviewPath>
		<Icon>q3.ico</Icon>
		<MasterServers>
			<MasterServer http="0" protocol="00">monster.idsoftware.com:27950</MasterServer>
			<MasterServer http="0" protocol="43">monster.idsoftware.com:27950</MasterServer>
			<MasterServer http="0" protocol="48">monster.idsoftware.com:27950</MasterServer>			
			<MasterServer http="0" protocol="68">monster.idsoftware.com:27950</MasterServer>	
		</MasterServers>
		<ServerDefaultPort>27960</ServerDefaultPort>
		<ServerInfoQuery>\xFF\xFF\xFF\xFFgetstatus\n</ServerInfoQuery>
		<MasterQueryString>\xFF\xFF\xFF\xFFgetservers %PROTOCOL% empty full</MasterQueryString>
		<Detection>
			<Registry>
				<RegRoot>HKEY_LOCAL_MACHINE</RegRoot>
				<RegKey>SOFTWARE\Id\Quake III Arena</RegKey>
				<RegItem>INSTALLPATH</RegItem>
				<InstallSuffix>\Quake3.exe</InstallSuffix>
			</Registry>
		</Detection>
		<Columns>
			<Column idx="0">sv_punkbuster</Column>
			<Column idx="1">g_needpass</Column>
			<Column idx="2">ranked</Column>
			<Column idx="3">sv_hostname</Column>
			<Column idx="4">version</Column>
			<Column idx="5">g_gametype</Column>	
			<Column idx="6">mapname</Column>
			<Column idx="7">gamename</Column>
			<Column idx="8">bots</Column>
			<Column idx="9">players</Column>
			<Column idx="10">country</Column>
			<Column idx="11">ping</Column>
			<Column idx="12">ip</Column>
			<Column idx="13">mode_current</Column>
		</Columns>			
		<Installs>
				<Install name="Name" value="Default" />
				<Install name="Path" value="" />
				<Install name="Cmd" value="" />
				<Install name="LaunchByMod" value="" />
				<Install name="LaunchByVer" value="" />
		</Installs>	
	</Game>
	<Game>
		<GameIndex>3</GameIndex>
		<Name>Quake 4</Name>
		<ShortName>Q4</ShortName>
		<Filename>q4.servers</Filename>
		<NetEngine>Q4</NetEngine>
		<ColorEncoding>Q4</ColorEncoding>
		<WebProtocol>q4</WebProtocol>
		<MapPreviewPath>q4maps</MapPreviewPath>
		<Icon>q4.ico</Icon>
		<MasterServers>
			<MasterServer http="0">q4master.idsoftware.com:27650</MasterServer>			
		</MasterServers>
		<ServerDefaultPort>28004</ServerDefaultPort>
		<ServerInfoQuery>\xFF\xFF\xFF\xFFgetstatus\n</ServerInfoQuery>
		<MasterQueryString>\xFF\xFFgetServers\x00\x00\x00\x00\x80\x00\x00\x00\x00\x00</MasterQueryString>
		<Detection>
			<Registry>
				<RegRoot>HKEY_LOCAL_MACHINE</RegRoot>
				<RegKey>Software\Id\Quake 4</RegKey>
				<RegItem>InstallPath</RegItem>
				<InstallSuffix>\Quake4.exe</InstallSuffix>
			</Registry>
		</Detection>
		<Columns>
			<Column idx="0">sv_punkbuster</Column>
			<Column idx="1">si_usepass</Column>
			<Column idx="2">ranked</Column>
			<Column idx="3">si_name</Column>
			<Column idx="4">si_version</Column>
			<Column idx="5">si_gametype</Column>	
			<Column idx="6">si_map</Column>
			<Column idx="7">gamename</Column>
			<Column idx="8">bots</Column>			
		</Columns>			
		<Installs>
				<Install name="Name" value="Default" />
				<Install name="Path" value="" />
				<Install name="Cmd" value="+seta com_allowconsole 1 +seta fs_game %FS_GAME%" />
				<Install name="LaunchByMod" value="" />
				<Install name="LaunchByVer" value="" />
		</Installs>	
	</Game>	
	<Game>
		<GameIndex>4</GameIndex>
		<Name>Return to Castle of Wolfenstein</Name>
		<ShortName>RTCW</ShortName>
		<Filename>rtcw.servers</Filename>
		<NetEngine>Q3</NetEngine>
		<WebProtocol>rtcw</WebProtocol>
		<MapPreviewPath>rtcwmaps</MapPreviewPath>
		<Icon>rtcw.ico</Icon>
		<MasterServers>
			<MasterServer http="0" protocol="60">wolfmaster.idsoftware.com</MasterServer>
			<MasterServer http="0" protocol="60">wolfmaster.rtcwmp.com</MasterServer>
			<MasterServer http="0" protocol="60">wolfmaster.s4ndmod.com</MasterServer>
			<MasterServer http="0" protocol="60">dpmaster.deathmask.net</MasterServer>
		</MasterServers>
		<ServerDefaultPort>27960</ServerDefaultPort>
		<ServerInfoQuery>\xFF\xFF\xFF\xFFgetstatus\n</ServerInfoQuery>
		<MasterQueryString>\xFF\xFF\xFF\xFFgetservers %PROTOCOL% empty full</MasterQueryString>
		<Detection>
			<Registry>
				<RegRoot></RegRoot>
				<RegKey></RegKey>
				<RegItem></RegItem>
				<InstallSuffix></InstallSuffix>
			</Registry>
		</Detection>
		<Columns>
			<Column idx="0">sv_punkbuster</Column>
			<Column idx="1">g_needpass</Column>
			<Column idx="2">ranked</Column>
			<Column idx="3">sv_hostname</Column>
			<Column idx="4">version</Column>
			<Column idx="5">g_gametype</Column>	
			<Column idx="6">mapname</Column>
			<Column idx="7">gamename</Column>
			<Column idx="8">bots</Column>			
		</Columns>			
		<Installs>
				<Install name="Name" value="Default" />
				<Install name="Path" value="C:\Program Files\Return to Castle Wolfenstein\WolfMP.exe" />
				<Install name="Cmd" value="" />
				<Install name="LaunchByMod" value="" />
				<Install name="LaunchByVer" value="" />
		</Installs>	
	</Game>	
	<Game>
		<GameIndex>5</GameIndex>
		<Name>Call of Duty</Name>
		<ShortName>CoD</ShortName>
		<Filename>cod.servers</Filename>
		<NetEngine>Q3</NetEngine>
		<WebProtocol>cod</WebProtocol>
		<MapPreviewPath>codmaps</MapPreviewPath>
		<Icon>cod.ico</Icon>
		<MasterServers>
			<MasterServer http="0" protocol="6">codmaster.activision.com:20510</MasterServer>
			<MasterServer http="0" protocol="5">codmaster.activision.com:20510</MasterServer>
			<MasterServer http="0" protocol="4">codmaster.activision.com:20510</MasterServer>
			<MasterServer http="0" protocol="2">codmaster.activision.com:20510</MasterServer>
			<MasterServer http="0" protocol="3">codmaster.activision.com:20510</MasterServer>
			<MasterServer http="0" protocol="1">codmaster.activision.com:20510</MasterServer>
		</MasterServers>
		<ServerDefaultPort>28960</ServerDefaultPort>
		<ServerInfoQuery>\xFF\xFF\xFF\xFFgetstatus\n\x00</ServerInfoQuery>
		<MasterQueryString>\xFF\xFF\xFF\xFFgetservers %PROTOCOL% empty full</MasterQueryString>
		<Detection>
			<Registry>
				<RegRoot>HKEY_LOCAL_MACHINE</RegRoot>
				<RegKey>SOFTWARE\Activision\Call of Duty</RegKey>
				<RegItem>InstallPath</RegItem>
				<InstallSuffix></InstallSuffix>
			</Registry>
		</Detection>
		<Columns>
			<Column idx="0">sv_punkbuster</Column>
			<Column idx="1">sv_needpass</Column>
			<Column idx="2">ranked</Column>
			<Column idx="3">sv_hostname</Column>
			<Column idx="4">shortversion</Column>
			<Column idx="5">g_gametype</Column>	
			<Column idx="6">mapname</Column>
			<Column idx="7">fs_game</Column>
			<Column idx="8">bots</Column>			
		</Columns>			
		<Installs>
				<Install name="Name" value="Default" />
				<Install name="Path" value="" />
				<Install name="Cmd" value="" />
				<Install name="LaunchByMod" value="" />
				<Install name="LaunchByVer" value="" />
		</Installs>	
	</Game>	


	<Game>
		<GameIndex>6</GameIndex>
		<Name>Call of Duty 2</Name>
		<ShortName>CoD 2</ShortName>
		<Filename>cod2.servers</Filename>
		<NetEngine>Q3</NetEngine>
		<ColorEncoding>Q3</ColorEncoding>
		<WebProtocol>cod2</WebProtocol>
		<MapPreviewPath>cod2maps</MapPreviewPath>
		<Icon>callofduty2.ico</Icon>
		<MasterServers>
			<MasterServer http="0" protocol="0">cod2master.activision.com:20710</MasterServer>
			<MasterServer http="0" protocol="114">cod2master.activision.com:20710</MasterServer>
			<MasterServer http="0" protocol="115">cod2master.activision.com:20710</MasterServer>
			<MasterServer http="0" protocol="116">cod2master.activision.com:20710</MasterServer>
			<MasterServer http="0" protocol="117">cod2master.activision.com:20710</MasterServer>
		</MasterServers>
		<ServerDefaultPort>28960</ServerDefaultPort>
		<ServerInfoQuery>\xFF\xFF\xFF\xFFgetstatus\n</ServerInfoQuery>
		<MasterQueryString>\xFF\xFF\xFF\xFFgetservers %PROTOCOL% empty full</MasterQueryString>
		<Detection>
			<Registry>
				<RegRoot>HKEY_LOCAL_MACHINE</RegRoot>
				<RegKey>SOFTWARE\Activision\Call of Duty 2</RegKey>
				<RegItem>MultiEXEString</RegItem>
				<InstallSuffix></InstallSuffix>
			</Registry>
		</Detection>
		<Columns>
			<Column idx="0">sv_punkbuster</Column>
			<Column idx="1">sv_needpass</Column>
			<Column idx="2">ranked</Column>
			<Column idx="3">sv_hostname</Column>
			<Column idx="4">shortversion</Column>
			<Column idx="5">g_gametype</Column>	
			<Column idx="6">mapname</Column>
			<Column idx="7">fs_game</Column>
			<Column idx="8">bots</Column>			
		</Columns>			
		<Installs>
				<Install name="Name" value="Default" />
				<Install name="Path" value="" />
				<Install name="Cmd" value="" />
				<Install name="LaunchByMod" value="" />
				<Install name="LaunchByVer" value="" />
		</Installs>	
	</Game>	
	<Game>
		<GameIndex>8</GameIndex>
		<Name>Call of Duty 4 - Modern Warfare</Name>
		<ShortName>CoD 4</ShortName>
		<Filename>cod4.servers</Filename>
		<NetEngine>COD4</NetEngine>
		<WebProtocol>cod4</WebProtocol>
		<MapPreviewPath>cod4maps</MapPreviewPath>
		<Icon>cod4.ico</Icon>
		<MasterServers>
			<MasterServer http="0">cod4master.activision.com:20810</MasterServer>	
		</MasterServers>
		<ServerDefaultPort>28960</ServerDefaultPort>
		<ServerInfoQuery>\xFF\xFF\xFF\xFFgetstatus\n</ServerInfoQuery>
		<MasterQueryString>\xFF\xFF\xFF\xFFgetservers empty full</MasterQueryString>
		<Detection>
			<Registry>
				<RegRoot>HKEY_LOCAL_MACHINE</RegRoot>
				<RegKey>SOFTWARE\Activision\Call of Duty 4</RegKey>
				<RegItem>EXEStringM</RegItem>
				<InstallSuffix></InstallSuffix>
			</Registry>
		</Detection>
		<Columns>
			<Column idx="0">sv_punkbuster</Column>
			<Column idx="1">pswrd</Column>
			<Column idx="2">ranked</Column>
			<Column idx="3">hostname</Column>
			<Column idx="4">shortversion</Column>
			<Column idx="5">g_gametype</Column>	
			<Column idx="6">mapname</Column>
			<Column idx="7">fs_game</Column>
			<Column idx="8">bots</Column>			
		</Columns>			
		<Installs>
				<Install name="Name" value="Default" />
				<Install name="Path" value="" />
				<Install name="Cmd" value="+set cl_playintro 0 +set ui_skip_titlescreen 1 +set ui_skip_legalscreen 1" />
				<Install name="LaunchByMod" value="" />
				<Install name="LaunchByVer" value="" />
		</Installs>	
	
	</Game>			
	<Game>
		<GameIndex>7</GameIndex>
		<Name>Warsow</Name>
		<ShortName>Warsow</ShortName>
		<Filename>warsow.servers</Filename>
		<NetEngine>Q3</NetEngine>
		<WebProtocol>warsow</WebProtocol>
		<MapPreviewPath>warsowmaps</MapPreviewPath>
		<Icon>warsow.ico</Icon>
		<MasterServers>
			<MasterServer http="0" protocol="10">dpmaster.deathmask.net:27950</MasterServer> <!-- version 0.42-->
			<MasterServer http="0" protocol="11">dpmaster.deathmask.net:27950</MasterServer> <!-- version 0.50-->
			<MasterServer http="0" protocol="12">dpmaster.deathmask.net:27950</MasterServer> <!-- version 0.61-->
		</MasterServers>
		<ServerDefaultPort>28960</ServerDefaultPort>
		<!-- <ServerInfoQuery>\xFF\xFF\xFF\xFFgetinfo</ServerInfoQuery> Warsow version 0.42 -->
		<ServerInfoQuery>\xFF\xFF\xFF\xFFgetstatus\n</ServerInfoQuery> <!-- version 0.5-->
		<MasterQueryString>\xFF\xFF\xFF\xFFgetservers Warsow %PROTOCOL% empty full</MasterQueryString>
		<Detection>
			<Registry>
				<RegRoot>HKEY_CLASSES_ROOT</RegRoot>
				<RegKey>warsow\DefaultIcon</RegKey>
				<RegItem></RegItem>
				<InstallSuffix></InstallSuffix>
			</Registry>
		</Detection>
		<Columns>
			<Column idx="0">sv_battleye</Column>
			<Column idx="1">g_needpass</Column>
			<Column idx="2">tv</Column>
			<Column idx="3">sv_hostname</Column>
			<Column idx="4">version</Column>
			<Column idx="5">gametype</Column>	
			<Column idx="6">mapname</Column>
			<Column idx="7">fs_game</Column>
			<Column idx="8">bots</Column>			
		</Columns>			
		<Installs>
				<Install name="Name" value="Default" />
				<Install name="Path" value="" />
				<Install name="Cmd" value="+set fs_usehomedir 1 +set fs_basepath &quot;%GAMEPATH%&quot;" />
				<Install name="LaunchByMod" value="" />
				<Install name="LaunchByVer" value="" />
		</Installs>	
	</Game>		
	<Game>
		<GameIndex>18</GameIndex>
		<Name>Half-life</Name>
		<ShortName>HL</ShortName>
		<Filename>hl.servers</Filename>
		<NetEngine>VALVE</NetEngine>
		<WebProtocol>hl</WebProtocol>
		<MapPreviewPath>hlmaps</MapPreviewPath>
		<Icon>hl.ico</Icon>
		<MasterServers>
			<MasterServer http="0">hl1master.steampowered.com:27010</MasterServer>
			<MasterServer http="0">68.142.72.250:27010</MasterServer>
			<MasterServer http="0">69.28.151.162:27010</MasterServer>
			<MasterServer http="0">72.165.61.189:27010</MasterServer>
		</MasterServers>
		<ServerDefaultPort>27015</ServerDefaultPort>
		<ServerInfoQuery></ServerInfoQuery>
		<MasterQueryString></MasterQueryString>
		<Detection>
			<Registry>
				<RegRoot>HKEY_CURRENT_USER</RegRoot>
				<RegKey>Software\Valve\Steam</RegKey>
				<RegItem>SteamExe</RegItem>
				<InstallSuffix></InstallSuffix>
			</Registry>
		</Detection>
		<Columns>
			<Column idx="0">vac</Column>
			<Column idx="1">needpass</Column>
			<Column idx="2">ranked</Column>
			<Column idx="3">hostname</Column>
			<Column idx="4">version</Column>
			<Column idx="5">gametype</Column>	
			<Column idx="6">map</Column>
			<Column idx="7">gamename</Column>
			<Column idx="8">bots</Column>			
		</Columns>	
	</Game>		
	<Game>
		<GameIndex>9</GameIndex>
		<Name>Counter Strike</Name>
		<ShortName>CS</ShortName>
		<Filename>cs.servers</Filename>
		<NetEngine>VALVE</NetEngine>
		<WebProtocol>cs</WebProtocol>
		<MapPreviewPath>csmaps</MapPreviewPath>
		<Icon>cstrike.ico</Icon>
		<MasterServers>
			<MasterServer http="0">hl1master.steampowered.com:27010</MasterServer>
			<MasterServer http="0">68.142.72.250:27010</MasterServer>
			<MasterServer http="0">69.28.151.162:27010</MasterServer>
			<MasterServer http="0">72.165.61.189:27010</MasterServer>
		</MasterServers>
		<ServerDefaultPort>27015</ServerDefaultPort>
		<ServerInfoQuery></ServerInfoQuery>
		<MasterQueryString>\gamedir\cstrike</MasterQueryString>
		<Detection>
			<Registry>
				<RegRoot>HKEY_CURRENT_USER</RegRoot>
				<RegKey>Software\Valve\Steam</RegKey>
				<RegItem>SteamExe</RegItem>
				<InstallSuffix></InstallSuffix>
			</Registry>
		</Detection>
		<Columns>
			<Column idx="0">vac</Column>
			<Column idx="1">needpass</Column>
			<Column idx="2">ranked</Column>
			<Column idx="3">hostname</Column>
			<Column idx="4">version</Column>
			<Column idx="5">gametype</Column>	
			<Column idx="6">map</Column>
			<Column idx="7">gamename</Column>
			<Column idx="8">bots</Column>			
		</Columns>		
            <Installs>
                <Install name="Name" value="Counter-Strike (STEAM)" />
                <Install name="Path" value="" />
                <Install name="Cmd" value="-applaunch 10" />
                <Install name="LaunchByMod" value="" />
                <Install name="LaunchByVer" value="" />
            </Installs>
	</Game>
	<Game>
		<GameIndex>10</GameIndex>
		<Name>Counter Strike Condition Zero</Name>
		<ShortName>CS Condition Zero</ShortName>
		<Filename>cscz.servers</Filename>
		<NetEngine>VALVE</NetEngine>
		<WebProtocol>cscz</WebProtocol>
		<MapPreviewPath>csczmaps</MapPreviewPath>
		<Icon>cstrikezero.ico</Icon>
		<MasterServers>
			<MasterServer http="0">hl1master.steampowered.com:27010</MasterServer>	
			<MasterServer http="0">68.142.72.250:27010</MasterServer>
			<MasterServer http="0">69.28.151.162:27010</MasterServer>
			<MasterServer http="0">72.165.61.189:27010</MasterServer>
		</MasterServers>
		<ServerDefaultPort>27015</ServerDefaultPort>
		<ServerInfoQuery></ServerInfoQuery>
		<MasterQueryString>\gamedir\czero</MasterQueryString>
		<Detection>
			<Registry>
				<RegRoot>HKEY_CURRENT_USER</RegRoot>
				<RegKey>Software\Valve\Steam</RegKey>
				<RegItem>SteamExe</RegItem>
				<InstallSuffix></InstallSuffix>
			</Registry>
		</Detection>
		<Columns>
			<Column idx="0">vac</Column>
			<Column idx="1">needpass</Column>
			<Column idx="2">ranked</Column>
			<Column idx="3">hostname</Column>
			<Column idx="4">version</Column>
			<Column idx="5">gametype</Column>	
			<Column idx="6">map</Column>
			<Column idx="7">gamename</Column>
			<Column idx="8">bots</Column>			
		</Columns>			
            <Installs>
                <Install name="Name" value="CS Condition Zero (STEAM)" />
                <Install name="Path" value="" />
                <Install name="Cmd" value="-applaunch 80" />
                <Install name="LaunchByMod" value="" />
                <Install name="LaunchByVer" value="" />
            </Installs>
	</Game>
	<Game>
		<GameIndex>11</GameIndex>
		<Name>Counter Strike: Source</Name>
		<ShortName>CSS</ShortName>
		<Filename>css.servers</Filename>
		<NetEngine>VALVE</NetEngine>
		<WebProtocol>css</WebProtocol>
		<MapPreviewPath>cssmaps</MapPreviewPath>
		<Icon>css.ico</Icon>
		<MasterServers>
			<MasterServer http="0">hl2master.steampowered.com:27011</MasterServer>		
		</MasterServers>
		<ServerDefaultPort>27015</ServerDefaultPort>
		<ServerInfoQuery></ServerInfoQuery>
		<MasterQueryString>\gamedir\cstrike</MasterQueryString>
		<Detection>
			<Registry>
				<RegRoot>HKEY_CURRENT_USER</RegRoot>
				<RegKey>Software\Valve\Steam</RegKey>
				<RegItem>SteamExe</RegItem>
				<InstallSuffix></InstallSuffix>
			</Registry>
		</Detection>
		<Columns>
			<Column idx="0">vac</Column>
			<Column idx="1">needpass</Column>
			<Column idx="2">ranked</Column>
			<Column idx="3">hostname</Column>
			<Column idx="4">version</Column>
			<Column idx="5">gametype</Column>	
			<Column idx="6">map</Column>
			<Column idx="7">gamename</Column>
			<Column idx="8">bots</Column>			
		</Columns>			
            <Installs>
                <Install name="Name" value="Counter-Strike Source" />
                <Install name="Path" value="" />
                <Install name="Cmd" value="-applaunch 240" />
                <Install name="LaunchByMod" value="cstrike" />
                <Install name="LaunchByVer" value="" />
            </Installs>
	</Game>
	<Game>
		<GameIndex>15</GameIndex>
		<Name>Half-Life 2</Name>
		<ShortName>Half-Life 2</ShortName>
		<Filename>tl2.servers</Filename>
		<NetEngine>VALVE</NetEngine>
		<WebProtocol>hl2</WebProtocol>
		<MapPreviewPath>hf2maps</MapPreviewPath>
		<Icon>hf2.ico</Icon>
		<MasterServers>
			<MasterServer http="0">hl2master.steampowered.com:27011</MasterServer>
		</MasterServers>
		<ServerDefaultPort>27015</ServerDefaultPort>
		<ServerInfoQuery></ServerInfoQuery>
		<MasterQueryString></MasterQueryString>
		<Detection>
			<Registry>
				<RegRoot>HKEY_CURRENT_USER</RegRoot>
				<RegKey>Software\Valve\Steam</RegKey>
				<RegItem>SteamExe</RegItem>
				<InstallSuffix></InstallSuffix>
			</Registry>
		</Detection>
		<Columns>
			<Column idx="0">vac</Column>
			<Column idx="1">needpass</Column>
			<Column idx="2">ranked</Column>
			<Column idx="3">hostname</Column>
			<Column idx="4">version</Column>
			<Column idx="5">gametype</Column>	
			<Column idx="6">map</Column>
			<Column idx="7">gamename</Column>
			<Column idx="8">bots</Column>			
		</Columns>			
            <Installs>
                <Install name="Name" value="Day of Defeat Source" />
                <Install name="Path" value="" />
                <Install name="Cmd" value="-applaunch 300" />
                <Install name="LaunchByMod" value="dod" />
                <Install name="LaunchByVer" value="" />
            </Installs>
            <Installs>
                <Install name="Name" value="Half-Life 2 Deathmatch" />
                <Install name="Path" value="" />
                <Install name="Cmd" value="-applaunch 320" />
                <Install name="LaunchByMod" value="hl2mp" />
                <Install name="LaunchByVer" value="" />
            </Installs>
            <Installs>
                <Install name="Name" value="Counter-Strike Source" />
                <Install name="Path" value="" />
                <Install name="Cmd" value="-applaunch 240" />
                <Install name="LaunchByMod" value="cstrike" />
                <Install name="LaunchByVer" value="" />
            </Installs>
            <Installs>
                <Install name="Name" value="Team Fortress 2" />
                <Install name="Path" value="" />
                <Install name="Cmd" value="-applaunch 440" />
                <Install name="LaunchByMod" value="tf" />
                <Install name="LaunchByVer" value="" />
            </Installs>
	</Game>			
	<Game>
		<GameIndex>16</GameIndex>
		<Name>Urban Terror</Name>
		<ShortName>Urban Terror</ShortName>
		<Filename>urbanterror.servers</Filename>
		<NetEngine>Q3</NetEngine>
		<ColorEncoding>Q3</ColorEncoding>
		<WebProtocol>urbant</WebProtocol>
		<MapPreviewPath>urbantmaps</MapPreviewPath>
		<Icon>urbanterror.ico</Icon>
		<MasterServers>
			<MasterServer http="0" protocol="68">master.urbanterror.net:27950</MasterServer>
			<MasterServer http="0" protocol="68" >master2.urbanterror.net:27950</MasterServer>
			<MasterServer http="0" protocol="68" >master.quake3arena.com:27950</MasterServer>
		</MasterServers>
		<ServerDefaultPort>28960</ServerDefaultPort>
		<ServerInfoQuery>\xFF\xFF\xFF\xFFgetstatus\n</ServerInfoQuery>
		<MasterQueryString>\xFF\xFF\xFF\xFFgetservers 68 empty full</MasterQueryString>
		<Detection>
			<Registry>
				<RegRoot></RegRoot>
				<RegKey></RegKey>
				<RegItem></RegItem>
				<InstallSuffix></InstallSuffix>
			</Registry>
		</Detection>
		<Columns>
			<Column idx="0">sv_punkbuster</Column>
			<Column idx="1">sv_needpass</Column>
			<Column idx="2">ranked</Column>
			<Column idx="3">sv_hostname</Column>
			<Column idx="4">version</Column>
			<Column idx="5">g_gametype</Column>	
			<Column idx="6">mapname</Column>
			<Column idx="7">gamename</Column>
			<Column idx="8">bots</Column>			
		</Columns>			
		<Installs>
				<Install name="Name" value="Default" />
				<Install name="Path" value="" />
				<Install name="Cmd" value="+fs_game %MODNAME%" />
				<Install name="LaunchByMod" value="" />
				<Install name="LaunchByVer" value="" />
		</Installs>	
	</Game>	
	<Game>
		<GameIndex>17</GameIndex>
		<Name>Nexuiz</Name>
		<ShortName>Nexuiz</ShortName>
		<Filename>nexuiz.servers</Filename>
		<NetEngine>Q3</NetEngine>
		<ColorEncoding>NEXUIZ</ColorEncoding>
		<WebProtocol>nexuiz</WebProtocol>
		<MapPreviewPath>Nexuizmaps</MapPreviewPath>
		<Icon>Nexuiz.ico</Icon>
		<MasterServers>
			<MasterServer http="0">dpmaster.deathmask.net:27950</MasterServer>			
		</MasterServers>
		<ServerDefaultPort>28960</ServerDefaultPort>
		<ServerInfoQuery>\xFF\xFF\xFF\xFFgetstatus\n</ServerInfoQuery>
		<MasterQueryString>\xFF\xFF\xFF\xFFgetservers Nexuiz 3 empty full</MasterQueryString>
		<Detection>
			<Registry>
				<RegRoot></RegRoot>
				<RegKey></RegKey>
				<RegItem></RegItem>
				<InstallSuffix></InstallSuffix>
			</Registry>
		</Detection>
		<Columns>
			<Column idx="0">sv_punkbuster</Column>
			<Column idx="1">sv_needpass</Column>
			<Column idx="2">ranked</Column>
			<Column idx="3">hostname</Column>
			<Column idx="4">gameversion</Column>
			<Column idx="5">g_gametype</Column>	
			<Column idx="6">mapname</Column>
			<Column idx="7">gamename</Column>
			<Column idx="8">bots</Column>			
		</Columns>			
	</Game>		

	<Game>
		<GameIndex>19</GameIndex>
		<Name>Doom 3</Name>
		<ShortName>Doom 3</ShortName>
		<Filename>doom3.servers</Filename>
		<NetEngine>Q4</NetEngine>
		<ColorEncoding>Q4</ColorEncoding>
		<WebProtocol>q4</WebProtocol>
		<MapPreviewPath>doom3maps</MapPreviewPath>
		<Icon>doom3.ico</Icon>
		<MasterServers>
			<MasterServer http="0">idnet.ua-corp.com:27650</MasterServer>			
		</MasterServers>
		<ServerDefaultPort>27666</ServerDefaultPort>
		<ServerInfoQuery></ServerInfoQuery>		
		<MasterQueryString>\xFF\xFFgetServers\x00\x00\x00\x00\x00\x00\x0A</MasterQueryString>
		<Detection>
			<Registry>
				<RegRoot>HKEY_LOCAL_MACHINE</RegRoot>
				<RegKey>\SOFTWARE\id\Doom 3</RegKey>
				<RegItem>MPexe</RegItem>
				<InstallSuffix></InstallSuffix>
			</Registry>
		</Detection>
		<Columns>
			<Column idx="0">sv_punkbuster</Column>
			<Column idx="1">si_usepass</Column>
			<Column idx="2">ranked</Column>
			<Column idx="3">si_name</Column>
			<Column idx="4">si_version</Column>
			<Column idx="5">si_gametype</Column>	
			<Column idx="6">si_map</Column>
			<Column idx="7">gamename</Column>
			<Column idx="8">bots</Column>			
		</Columns>					
	</Game>	
	<Game>
		<GameIndex>20</GameIndex>
		<Name>Call of Duty - World at War</Name>
		<ShortName>CoD WaW</ShortName>
		<Filename>codwaw.servers</Filename>
		<NetEngine>CODWW</NetEngine>
		<WebProtocol>codwaw</WebProtocol>
		<MapPreviewPath>codwawmaps</MapPreviewPath>
		<Icon>CoDWaW.ico</Icon>
		<MasterServers>
			<MasterServer http="0">https://api.getgsc.com/?command=get_gameservers_csv&amp;search_by=game_abbrev&amp;search_term=codww&amp;limit=100000</MasterServer>			
		</MasterServers>
		<ServerDefaultPort>28960</ServerDefaultPort>
		<ServerInfoQuery>\xFF\xFF\xFF\xFFgetstatus\n</ServerInfoQuery>
		<MasterQueryString>\xFF\xFF\xFF\xFFgetservers empty full</MasterQueryString>
		<Detection>
			<Registry>
				<RegRoot>HKEY_LOCAL_MACHINE</RegRoot>
				<RegKey>SOFTWARE\Activision\Call of Duty WAW\InstallPath</RegKey>
				<RegItem>EXEStringM</RegItem>
				<InstallSuffix></InstallSuffix>
			</Registry>
		</Detection>
		<Columns>
			<Column idx="0">sv_punkbuster</Column>
			<Column idx="1">pswrd</Column>
			<Column idx="2">ranked</Column>
			<Column idx="3">sv_hostname</Column>
			<Column idx="4">protocol</Column>
			<Column idx="5">g_gametype</Column>	
			<Column idx="6">mapname</Column>
			<Column idx="7">fs_game</Column>
			<Column idx="8">bots</Column>			
		</Columns>			
		<Installs>
				<Install name="Name" value="Default" />
				<Install name="Path" value="" />
				<Install name="Cmd" value="+set com_introPlayed 1" />
				<Install name="LaunchByMod" value="" />
				<Install name="LaunchByVer" value="" />
		</Installs>	
	</Game>	
	<Game>
		<GameIndex>21</GameIndex>
		<Name>Unreal Tournament 3</Name>
		<ShortName>UT3</ShortName>
		<Filename>ut3.servers</Filename>
		<NetEngine>GS4</NetEngine>
		<WebProtocol>ut3</WebProtocol>
		<MapPreviewPath>ut3maps</MapPreviewPath>
		<Icon>unrealtournament3.ico</Icon>
		<MasterServers>
			<MasterServer http="1">http://www.cludden.se/braindamage/download/ut3.txt</MasterServer>			
		</MasterServers>
		<ServerDefaultPort>28960</ServerDefaultPort>
		<ServerInfoQuery></ServerInfoQuery>
		<MasterQueryString></MasterQueryString>
		<Detection>
			<Registry>
				<RegRoot>HKEY_LOCAL_MACHINE</RegRoot>
				<RegKey>SOFTWARE\Microsoft\Windows\CurrentVersion\Installer\UserData\S-1-5-18\Products\90209AFBFFA76BD4E8B45E375057A17D\InstallProperties</RegKey>
				<RegItem>InstallLocation</RegItem>
				<InstallSuffix>Binaries\UT3.exe</InstallSuffix>
			</Registry>
		</Detection>
		<Columns>
			<Column idx="0">sv_punkbuster</Column>
			<Column idx="1">s7</Column>
			<Column idx="2">ranked</Column>
			<Column idx="3">hostname</Column>
			<Column idx="4">EngineVersion</Column>
			<Column idx="5">gamemode</Column>	
			<Column idx="6">p1073741825</Column>
			<Column idx="7">fs_game</Column>
			<Column idx="8">p268435703</Column>
			<Column idx="9">players</Column>
			<Column idx="10">country</Column>
			<Column idx="11">ping</Column>
			<Column idx="12">ip</Column>
			<Column idx="13"></Column>			
		</Columns>			
		<Installs>
				<Install name="Name" value="Default" />
				<Install name="Path" value="" />
				<Install name="Cmd" value="" />
				<Install name="LaunchByMod" value="" />
				<Install name="LaunchByVer" value="" />
		</Installs>	
	</Game>	
	<Game>
		<GameIndex>22</GameIndex>
		<Name>Call of Duty : United Offensive</Name>
		<ShortName>CoD UO</ShortName>
		<Filename>coduo.servers</Filename>
		<NetEngine>Q3</NetEngine>
		<ColorEncoding>Q3</ColorEncoding>
		<WebProtocol>coduo</WebProtocol>
		<MapPreviewPath>coduomaps</MapPreviewPath>
		<Icon>cod.ico</Icon>
		<MasterServers>
			<MasterServer http="0">coduomaster.activision.com:20610</MasterServer>
		</MasterServers>
		<ServerDefaultPort>28960</ServerDefaultPort>
		<ServerInfoQuery>\xFF\xFF\xFF\xFFgetstatus\n</ServerInfoQuery>
		<MasterQueryString>\xFF\xFF\xFF\xFFgetservers 0 empty full</MasterQueryString>
		<Detection>
			<Registry>
				<RegRoot>HKEY_LOCAL_MACHINE</RegRoot>
				<RegKey>SOFTWARE\Activision\Call of Duty United Offensive</RegKey>
				<RegItem>MultiEXEString</RegItem>
				<InstallSuffix></InstallSuffix>
			</Registry>
		</Detection>
		<Columns>
			<Column idx="0">sv_punkbuster</Column>
			<Column idx="1">sv_needpass</Column>
			<Column idx="2">ranked</Column>
			<Column idx="3">sv_hostname</Column>
			<Column idx="4">shortversion</Column>
			<Column idx="5">g_gametype</Column>	
			<Column idx="6">mapname</Column>
			<Column idx="7">fs_game</Column>
			<Column idx="8">bots</Column>			
		</Columns>			
		<Installs>
				<Install name="Name" value="Default" />
				<Install name="Path" value="" />
				<Install name="Cmd" value="" />
				<Install name="LaunchByMod" value="" />
				<Install name="LaunchByVer" value="" />
		</Installs>	
	</Game>		
	<Game>
		<GameIndex>23</GameIndex>
		<Name>Wolfenstein</Name>
		<ShortName>Wolfenstein</ShortName>
		<Filename>wolf.servers</Filename>
		<WebProtocol>wolf</WebProtocol>
		<NetEngine>Q4</NetEngine>
		<Icon>wolf.ico</Icon>
		<ServerDefaultPort>27960</ServerDefaultPort>
		<ServerInfoQuery>\xFF\xFF\xFF\xFFgetstatus\n</ServerInfoQuery>
		<MasterQueryString></MasterQueryString>
		<MapPreviewPath>wolfmaps</MapPreviewPath>
		<MasterServers>
			<MasterServer http="1" >http://wolf-ipgetter.demonware.net/ipgetter/</MasterServer>		
			<MasterServer http="1" >https://api.getgsc.com/?command=get_gameservers_csv&amp;search_by=game_abbrev&amp;search_term=wolf&amp;limit=100000</MasterServer>
		</MasterServers>
		<Detection>
			<Registry>
				<RegRoot>HKEY_LOCAL_MACHINE</RegRoot>
				<RegKey>SOFTWARE\Activision\Wolfenstein</RegKey>
				<RegItem>EXEStringM</RegItem>
				<InstallSuffix></InstallSuffix>
			</Registry>
		</Detection>
		<Columns>
			<Column idx="0">net_serverPunkbusterEnabled</Column>
			<Column idx="1">si_needPass</Column>
			<Column idx="2">ranked</Column>
			<Column idx="3">si_name</Column>
			<Column idx="4">si_version</Column>
			<Column idx="5">si_rules</Column>	
			<Column idx="6">si_map</Column>
			<Column idx="7">gamename</Column>
			<Column idx="8">bots</Column>			
		</Columns>		
		<Installs>
				<Install name="Name" value="Default" />
				<Install name="Cmd" value="+seta com_usefastvidrestart 1 +seta com_allowconsole 1" />
				<Install name="LaunchByMod" value="" />
				<Install name="LaunchByVer" value="" />
		</Installs>	 
	</Game>	
	<Game>
		<GameIndex>24</GameIndex>
		<Name>World of Padman</Name>
		<ShortName>WoP</ShortName>
		<Filename>wop.servers</Filename>
		<WebProtocol>wop</WebProtocol>
		<NetEngine>Q3</NetEngine>
		<ServerDefaultPort>27960</ServerDefaultPort>
		<ServerInfoQuery>\xFF\xFF\xFF\xFFgetstatus\n</ServerInfoQuery>
		<MasterQueryString>\xFF\xFF\xFF\xFFgetservers %PROTOCOL% empty full</MasterQueryString>
		<MapPreviewPath>wopmaps</MapPreviewPath>
		<Icon>wop.ico</Icon>
		<MasterServers>
			<MasterServer http="0" protocol="68">wopmaster.kickchat.com:27955</MasterServer> 
		</MasterServers>
		<Detection>
			<Registry>
			<RegRoot>HKEY_LOCAL_MACHINE</RegRoot>
			<RegKey>SOFTWARE\World of Padman</RegKey>
			<RegItem>Path</RegItem>
			<InstallSuffix>wop.exe</InstallSuffix>
			</Registry>
			<FileSearch>
				<FileName></FileName>
				<FilePath></FilePath>
			</FileSearch>
		</Detection>
		<Columns>
			<Column idx="0">sv_punkbuster</Column>
			<Column idx="1">g_needpass</Column>
			<Column idx="2">ranked</Column>
			<Column idx="3">sv_hostname</Column>
			<Column idx="4">version</Column>
			<Column idx="5">g_gametype</Column> 
			<Column idx="6">mapname</Column>
			<Column idx="7">gamename</Column>
			<Column idx="8">bots</Column> 
		</Columns>
	</Game>	
	<Game>
		<GameIndex>25</GameIndex>
		<Name>Jedi Knight 3: Jedi Academy</Name>
		<ShortName>Jedi Knight 3</ShortName>
		<Filename>jk3.servers</Filename>
		<WebProtocol>jkiii</WebProtocol>
		<ColorEncoding>JEDIKNIGHT3</ColorEncoding>
		<NetEngine>Q3</NetEngine>
		<ServerDefaultPort>27960</ServerDefaultPort>
		<ServerInfoQuery>\xFF\xFF\xFF\xFFgetstatus\n</ServerInfoQuery>
		<MasterQueryString>\xFF\xFF\xFF\xFFgetservers %PROTOCOL% empty full</MasterQueryString>
		<MapPreviewPath>jk3maps</MapPreviewPath>
		<Icon>jk3.ico</Icon>
		<MasterServers>
			<MasterServer http="0" protocol="26">masterjk3.ravensoft.com:29060</MasterServer> 
		</MasterServers>
		<Detection>
			<Registry>
			<RegRoot></RegRoot>
			<RegKey></RegKey>
			<RegItem></RegItem>
			<InstallSuffix>jk3mp.exe</InstallSuffix>
			</Registry>
			<FileSearch>
				<FileName></FileName>
				<FilePath></FilePath>
			</FileSearch>
		</Detection>
		<Columns>
			<Column idx="0">sv_punkbuster</Column>
			<Column idx="1">g_needpass</Column>
			<Column idx="2">ranked</Column>
			<Column idx="3">sv_hostname</Column>
			<Column idx="4">version</Column>
			<Column idx="5">g_gametype</Column> 
			<Column idx="6">mapname</Column>
			<Column idx="7">gamename</Column>
			<Column idx="8">bots</Column> 
		</Columns>
	</Game>	
	<Game>
		<GameIndex>26</GameIndex>
		<Name>BRINK</Name>
		<ShortName>BRINK</ShortName>
		<Filename>Brink.servers</Filename>
		<NetEngine>VALVE</NetEngine>
		<ColorEncoding>Q4</ColorEncoding>
		<WebProtocol>brink</WebProtocol>
		<MapPreviewPath>brinkmaps</MapPreviewPath>
		<Icon>brink.ico</Icon>
		<MasterServers>
			<MasterServer http="0">hl2master.steampowered.com:27011</MasterServer>				
		</MasterServers>
		<ServerDefaultPort>27015</ServerDefaultPort>
		<ServerInfoQuery></ServerInfoQuery>
		<MasterQueryString>\gamedir\brink</MasterQueryString>
		<Detection>
			<Registry>
				<RegRoot>HKEY_CURRENT_USER</RegRoot>
				<RegKey>Software\Valve\Steam</RegKey>
				<RegItem>SteamExe</RegItem>
				<InstallSuffix></InstallSuffix>
			</Registry>
		</Detection>
		<Columns>
			<Column idx="0">vac</Column>
			<Column idx="1">needpass</Column>
			<Column idx="2">ranked</Column>
			<Column idx="3">hostname</Column>
			<Column idx="4">version</Column>
			<Column idx="5">gametype</Column>	
			<Column idx="6">map</Column>
			<Column idx="7">gamename</Column>
			<Column idx="8">bots</Column>			
		</Columns>			
            <Installs>
                <Install name="Name" value="Brink" />
                <Install name="Path" value="" />
                <Install name="Cmd" value="-applaunch 22350" />
                <Install name="LaunchByMod" value="Brink" />
                <Install name="LaunchByVer" value="" />
            </Installs>
	</Game>	
</Games>
